DateTimeUTC,Status,UpdatedMatches
2026-06-18 12:08:45 UTC,NO_NEW_DATA,0
2026-06-18 12:25:19 UTC,NO_NEW_DATA,0
2026-06-18 12:33:28 UTC,NO_NEW_DATA,0
2026-06-18 12:41:39 UTC,NO_NEW_DATA,0
2026-06-18 12:46:28 UTC,NO_NEW_DATA,0
2026-06-18 12:52:36 UTC,NO_NEW_DATA,0
2026-06-18 12:56:33 UTC,NO_NEW_DATA,0
2026-06-18 13:06:21 UTC,NO_NEW_DATA,0
2026-06-18 13:07:02 UTC,NO_NEW_DATA,0
2026-06-18 13:10:28 UTC,NO_NEW_DATA,0
2026-06-18 13:18:32 UTC,SUCCESS,22
2026-06-18 13:27:22 UTC,SUCCESS,2
2026-06-18 14:29:56 UTC,SUCCESS,2
2026-06-19 00:16:22 UTC,SUCCESS,3
2026-06-19 05:16:09 UTC,SUCCESS,1
2026-06-19 10:49:15 UTC,SUCCESS,13
2026-06-19 16:16:11 UTC,NO_NEW_DATA,0
2026-06-19 22:15:55 UTC,SUCCESS,2
2026-06-20 12:09:19 UTC,SUCCESS,2
2026-06-20 22:52:21 UTC,SUCCESS,2
2026-06-21 12:23:58 UTC,SUCCESS,2
2026-06-21 22:50:08 UTC,SUCCESS,3
2026-06-22 18:53:51 UTC,SUCCESS,3
2026-06-22 23:52:37 UTC,SUCCESS,2
2026-06-23 14:04:20 UTC,SUCCESS,3
2026-06-23 22:54:25 UTC,SUCCESS,2
2026-06-24 06:36:30 UTC,SUCCESS,2
